id,stop_name,stop_url,url,fetch_count,elo_rating
750083,Michaelangelo Dr at Jasmine Street,https://translink.com.au/stop/750083/gtfs/,https://bingo.uqcloud.net/img/750083.jpg,0,1000
750494,Poolwood Rd near Cottesloe St hail 'n' ride,https://translink.com.au/stop/750494/gtfs/,https://bingo.uqcloud.net/img/750494.jpg,0,1000
890415,Boundary St at Bell Street,https://translink.com.au/stop/890415/gtfs/,https://bingo.uqcloud.net/img/890415.jpg,0,1000
890656,Main St at Stockland North Shore,https://translink.com.au/stop/890656/gtfs/,https://bingo.uqcloud.net/img/890656.jpg,0,1000
890062,Harold St at James Street,https://translink.com.au/stop/890062/gtfs/,https://bingo.uqcloud.net/img/890062.jpg,0,1000
890355,Palmerston St at Ronan Street,https://translink.com.au/stop/890355/gtfs/,https://bingo.uqcloud.net/img/890355.jpg,0,1000
890122,Douglas St at Gorden Street,https://translink.com.au/stop/890122/gtfs/,https://bingo.uqcloud.net/img/890122.jpg,0,1000
890647,Mount Low Pwy at Peggy Banfield Park,https://translink.com.au/stop/890647/gtfs/,https://bingo.uqcloud.net/img/890647.jpg,0,1000
890588,Ingham Rd at Coconut Glen Van Village,https://translink.com.au/stop/890588/gtfs/,https://bingo.uqcloud.net/img/890588.jpg,0,1000
890637,Golf Links Dr at Sonata Place,https://translink.com.au/stop/890637/gtfs/,https://bingo.uqcloud.net/img/890637.jpg,0,1000
890468,Gollogy Lane at Pinnacle Drive,https://translink.com.au/stop/890468/gtfs/,https://bingo.uqcloud.net/img/890468.jpg,0,1000
890378,McAlister Street at ODonnell Street,https://translink.com.au/stop/890378/gtfs/,https://bingo.uqcloud.net/img/890378.jpg,0,1000
890116,Peel St at Lancaster Street,https://translink.com.au/stop/890116/gtfs/,https://bingo.uqcloud.net/img/890116.jpg,0,1000
890043,Warburton St at Stuart Street,https://translink.com.au/stop/890043/gtfs/,https://bingo.uqcloud.net/img/890043.jpg,0,1000
890110,Meenan St at Lonerganne Street,https://translink.com.au/stop/890110/gtfs/,https://bingo.uqcloud.net/img/890110.jpg,0,1000
890044,Warburton St at Burke Street,https://translink.com.au/stop/890044/gtfs/,https://bingo.uqcloud.net/img/890044.jpg,0,1000
750379,Jensen Street at Oregon Street,https://translink.com.au/stop/750379/gtfs/,https://bingo.uqcloud.net/img/750379.jpg,0,1000
890458,Gouldian Ave at Lorikeet Street,https://translink.com.au/stop/890458/gtfs/,https://bingo.uqcloud.net/img/890458.jpg,0,1000
890479,Riverway Dr near Dunlop St hail 'n' ride,https://translink.com.au/stop/890479/gtfs/,https://bingo.uqcloud.net/img/890479.jpg,0,1000
890913,Mount Low Pwy at Bushland Beach Plaza,https://translink.com.au/stop/890913/gtfs/,https://bingo.uqcloud.net/img/890913.jpg,0,1000
750086,Redlynch Intake Rd at Short Street,https://translink.com.au/stop/750086/gtfs/,https://bingo.uqcloud.net/img/750086.jpg,0,1000
890276,Fulham Rd at Armit Street,https://translink.com.au/stop/890276/gtfs/,https://bingo.uqcloud.net/img/890276.jpg,0,1000
890610,Ross River Rd at Forest Avenue,https://translink.com.au/stop/890610/gtfs/,https://bingo.uqcloud.net/img/890610.jpg,0,1000
750311,Farmer St at Gattenby Street,https://translink.com.au/stop/750311/gtfs/,https://bingo.uqcloud.net/img/750311.jpg,0,1000
890491,Riverway Dr at Jennifer Street,https://translink.com.au/stop/890491/gtfs/,https://bingo.uqcloud.net/img/890491.jpg,0,1000
890658,North Shore Boulevard at Main Street,https://translink.com.au/stop/890658/gtfs/,https://bingo.uqcloud.net/img/890658.jpg,0,1000
750303,Mt Peter Rd at Prior St,https://translink.com.au/stop/750303/gtfs/,https://bingo.uqcloud.net/img/750303.jpg,0,1000
890630,Charters Towers Rd at Soule Street,https://translink.com.au/stop/890630/gtfs/,https://bingo.uqcloud.net/img/890630.jpg,0,1000
890104,Fulham Rd at Swanson Street,https://translink.com.au/stop/890104/gtfs/,https://bingo.uqcloud.net/img/890104.jpg,0,1000
750481,Spence St at Grafton Street,https://translink.com.au/stop/750481/gtfs/,https://bingo.uqcloud.net/img/750481.jpg,0,1000
890230,Fulham Rd at Pimlico High School,https://translink.com.au/stop/890230/gtfs/,https://bingo.uqcloud.net/img/890230.jpg,0,1000
890180,Riverside Bvd at Riverside Shopping Centre,https://translink.com.au/stop/890180/gtfs/,https://bingo.uqcloud.net/img/890180.jpg,0,1000
890419,Allen St at Davidson Street,https://translink.com.au/stop/890419/gtfs/,https://bingo.uqcloud.net/img/890419.jpg,0,1000
890470,Riverway Dr at Loam Island,https://translink.com.au/stop/890470/gtfs/,https://bingo.uqcloud.net/img/890470.jpg,0,1000
890238,Charles St at Brampton Avenue,https://translink.com.au/stop/890238/gtfs/,https://bingo.uqcloud.net/img/890238.jpg,0,1000
890183,Thuringowa Dr at Hinchinbrook Drive,https://translink.com.au/stop/890183/gtfs/,https://bingo.uqcloud.net/img/890183.jpg,0,1000
750304,Cattle St at Old Bruce Highway,https://translink.com.au/stop/750304/gtfs/,https://bingo.uqcloud.net/img/750304.jpg,0,1000
750415,Riverstone Rd at Jacob Close,https://translink.com.au/stop/750415/gtfs/,https://bingo.uqcloud.net/img/750415.jpg,0,1000
750045,Cheviot St at Leisure Pk Road (Smithfield SHS),https://translink.com.au/stop/750045/gtfs/,https://bingo.uqcloud.net/img/750045.jpg,0,1000
890125,Primrose St at Marshall Street,https://translink.com.au/stop/890125/gtfs/,https://bingo.uqcloud.net/img/890125.jpg,0,1000
750368,Redlynch Shopping Centre (Larsen St),https://translink.com.au/stop/750368/gtfs/,https://bingo.uqcloud.net/img/750368.jpg,0,1000
890467,Gollogy Lane at Mallee Street,https://translink.com.au/stop/890467/gtfs/,https://bingo.uqcloud.net/img/890467.jpg,0,1000
750445,James Cook University bus station,https://translink.com.au/stop/750445/gtfs/,https://bingo.uqcloud.net/img/750445.jpg,0,1000
750035,Clifton Road at Capt Cook Highway,https://translink.com.au/stop/750035/gtfs/,https://bingo.uqcloud.net/img/750035.jpg,0,1000
750286,Hardy Rd at Malabar Street (Tom Murray Park),https://translink.com.au/stop/750286/gtfs/,https://bingo.uqcloud.net/img/750286.jpg,0,1000
890318,Annandale Shopping Centre,https://translink.com.au/stop/890318/gtfs/,https://bingo.uqcloud.net/img/890318.jpg,0,1000
750213,McGregor St at Wawan St,https://translink.com.au/stop/750213/gtfs/,https://bingo.uqcloud.net/img/750213.jpg,0,1000
890078,Mt Louisa Drive at Banfield Drive,https://translink.com.au/stop/890078/gtfs/,https://bingo.uqcloud.net/img/890078.jpg,0,1000
750539,Robert Rd near Herald St hail 'n' ride,https://translink.com.au/stop/750539/gtfs/,https://bingo.uqcloud.net/img/750539.jpg,0,1000
750731,Stockland Earlville,https://translink.com.au/stop/750731/gtfs/,https://bingo.uqcloud.net/img/750731.jpg,0,1000
890819,Waterway Dr at Yalbira Dr,https://translink.com.au/stop/890819/gtfs/,https://bingo.uqcloud.net/img/890819.jpg,0,1000
890328,Yolanda Dr at Fardon Street,https://translink.com.au/stop/890328/gtfs/,https://bingo.uqcloud.net/img/890328.jpg,0,1000
750250,Mulgrave Rd at Creedy St,https://translink.com.au/stop/750250/gtfs/,https://bingo.uqcloud.net/img/750250.jpg,0,1000
890231,Fulham Rd at TAFE College,https://translink.com.au/stop/890231/gtfs/,https://bingo.uqcloud.net/img/890231.jpg,0,1000
890191,Primrose St at Rose Street,https://translink.com.au/stop/890191/gtfs/,https://bingo.uqcloud.net/img/890191.jpg,0,1000
750281,Timberlea Dr at Walker Road,https://translink.com.au/stop/750281/gtfs/,https://bingo.uqcloud.net/img/750281.jpg,0,1000
750026,Moresby St at Anderson Street,https://translink.com.au/stop/750026/gtfs/,https://bingo.uqcloud.net/img/750026.jpg,0,1000
750329,Idalia Rd at Scotia Close,https://translink.com.au/stop/750329/gtfs/,https://bingo.uqcloud.net/img/750329.jpg,0,1000
890432,Charters Towers Rd at Bayswater Terrace,https://translink.com.au/stop/890432/gtfs/,https://bingo.uqcloud.net/img/890432.jpg,0,1000
890426,Queens Rd at Halloran Street,https://translink.com.au/stop/890426/gtfs/,https://bingo.uqcloud.net/img/890426.jpg,0,1000
750169,Jensen St at Boden Street,https://translink.com.au/stop/750169/gtfs/,https://bingo.uqcloud.net/img/750169.jpg,0,1000
890632,Charters Towers Rd at Hermit Park Shopping Centre,https://translink.com.au/stop/890632/gtfs/,https://bingo.uqcloud.net/img/890632.jpg,0,1000
890028,Bayswater Rd at Kings Road,https://translink.com.au/stop/890028/gtfs/,https://bingo.uqcloud.net/img/890028.jpg,0,1000
890224,Palmerston St at Park Street,https://translink.com.au/stop/890224/gtfs/,https://bingo.uqcloud.net/img/890224.jpg,0,1000
750361,Gannet St near Newport Cl hail 'n' ride,https://translink.com.au/stop/750361/gtfs/,https://bingo.uqcloud.net/img/750361.jpg,0,1000
750139,Sheridan St at James Street,https://translink.com.au/stop/750139/gtfs/,https://bingo.uqcloud.net/img/750139.jpg,0,1000
750151,Old Smithfield Rd at Le Grande Street,https://translink.com.au/stop/750151/gtfs/,https://bingo.uqcloud.net/img/750151.jpg,0,1000
750442,"Cairns City bus station, platform 1",https://translink.com.au/stop/750442/gtfs/,https://bingo.uqcloud.net/img/750442.jpg,0,1000
890452,Malbon Rd at Emerald Street,https://translink.com.au/stop/890452/gtfs/,https://bingo.uqcloud.net/img/890452.jpg,0,1000
750421,Fairview Street at Forno Park,https://translink.com.au/stop/750421/gtfs/,https://bingo.uqcloud.net/img/750421.jpg,0,1000
750210,Balaclava Rd at Downing St,https://translink.com.au/stop/750210/gtfs/,https://bingo.uqcloud.net/img/750210.jpg,0,1000
750168,Jensen St at Redwood Street,https://translink.com.au/stop/750168/gtfs/,https://bingo.uqcloud.net/img/750168.jpg,0,1000
750301,Graham St at Jubilee St (John Walker Park),https://translink.com.au/stop/750301/gtfs/,https://bingo.uqcloud.net/img/750301.jpg,0,1000
750325,Bicentennial Rd near McLaughlin Rd,https://translink.com.au/stop/750325/gtfs/,https://bingo.uqcloud.net/img/750325.jpg,0,1000
890600,Jabiru Ave at Falcon Crescent,https://translink.com.au/stop/890600/gtfs/,https://bingo.uqcloud.net/img/890600.jpg,0,1000
750079,Cairns Western Arterial at Harley Street,https://translink.com.au/stop/750079/gtfs/,https://bingo.uqcloud.net/img/750079.jpg,0,1000
890442,Ross River Rd at The Cathedral School,https://translink.com.au/stop/890442/gtfs/,https://bingo.uqcloud.net/img/890442.jpg,0,1000
891061,Kalynda Pde at Poinsettia Drive,https://translink.com.au/stop/891061/gtfs/,https://bingo.uqcloud.net/img/891061.jpg,0,1000
750531,Toogood Rd near Windarra St hail 'n' ride,https://translink.com.au/stop/750531/gtfs/,https://bingo.uqcloud.net/img/750531.jpg,0,1000
750081,Michaelangelo Dr at Jasmine Street,https://translink.com.au/stop/750081/gtfs/,https://bingo.uqcloud.net/img/750081.jpg,0,1000
890366,Allen St at Nelson Street,https://translink.com.au/stop/890366/gtfs/,https://bingo.uqcloud.net/img/890366.jpg,0,1000
750102,Aeroglen Dr at Palmerston Street,https://translink.com.au/stop/750102/gtfs/,https://bingo.uqcloud.net/img/750102.jpg,0,1000
890217,Walker Street at Stanley St,https://translink.com.au/stop/890217/gtfs/,https://bingo.uqcloud.net/img/890217.jpg,0,1000
890278,Fulham Rd at Pimlico High School,https://translink.com.au/stop/890278/gtfs/,https://bingo.uqcloud.net/img/890278.jpg,0,1000
890297,Stuart Dr at Watt Street,https://translink.com.au/stop/890297/gtfs/,https://bingo.uqcloud.net/img/890297.jpg,0,1000
890269,Charles St at Western Lions Park,https://translink.com.au/stop/890269/gtfs/,https://bingo.uqcloud.net/img/890269.jpg,0,1000
890423,Bowen Rd at Benson Street (CLOSED APRIL 2023),https://translink.com.au/stop/890423/gtfs/,https://bingo.uqcloud.net/img/890423.jpg,0,1000
750646,Windarra St at Jean Close,https://translink.com.au/stop/750646/gtfs/,https://bingo.uqcloud.net/img/750646.jpg,0,1000
890152,Nathan St at Alfred Street,https://translink.com.au/stop/890152/gtfs/,https://bingo.uqcloud.net/img/890152.jpg,0,1000
750258,Toogood Rd at Agate St,https://translink.com.au/stop/750258/gtfs/,https://bingo.uqcloud.net/img/750258.jpg,0,1000
750060,Sims Esp at Rutherford Street,https://translink.com.au/stop/750060/gtfs/,https://bingo.uqcloud.net/img/750060.jpg,0,1000
750183,Murray St at Enmore St,https://translink.com.au/stop/750183/gtfs/,https://bingo.uqcloud.net/img/750183.jpg,0,1000
890176,Riverside Bvd at Creekwood Way,https://translink.com.au/stop/890176/gtfs/,https://bingo.uqcloud.net/img/890176.jpg,0,1000
890334,Palmerston St at Pegnall Street,https://translink.com.au/stop/890334/gtfs/,https://bingo.uqcloud.net/img/890334.jpg,0,1000
750211,Lavender St at Holly Street,https://translink.com.au/stop/750211/gtfs/,https://bingo.uqcloud.net/img/750211.jpg,0,1000
750320,Riverstone Rd at Moller Street,https://translink.com.au/stop/750320/gtfs/,https://bingo.uqcloud.net/img/750320.jpg,0,1000
891060,Kalynda Pde at Periwinkle Way,https://translink.com.au/stop/891060/gtfs/,https://bingo.uqcloud.net/img/891060.jpg,0,1000
890369,Boundary St at Twelfth Avenue,https://translink.com.au/stop/890369/gtfs/,https://bingo.uqcloud.net/img/890369.jpg,0,1000
890447,Ross River Rd at Ignatius Park College,https://translink.com.au/stop/890447/gtfs/,https://bingo.uqcloud.net/img/890447.jpg,0,1000
750038,Captain Cook Hwy at Alexandra Street,https://translink.com.au/stop/750038/gtfs/,https://bingo.uqcloud.net/img/750038.jpg,0,1000
750036,Endeavour Road at Saxon Street,https://translink.com.au/stop/750036/gtfs/,https://bingo.uqcloud.net/img/750036.jpg,0,1000
890422,Bowen Rd at Touch Street,https://translink.com.au/stop/890422/gtfs/,https://bingo.uqcloud.net/img/890422.jpg,0,1000
890327,Yolanda Dr at Yolanda Drive Shops,https://translink.com.au/stop/890327/gtfs/,https://bingo.uqcloud.net/img/890327.jpg,0,1000
890026,Bayswater Rd at Hugh Street,https://translink.com.au/stop/890026/gtfs/,https://bingo.uqcloud.net/img/890026.jpg,0,1000
750099,Stratford Pde at Aeroglen Drive,https://translink.com.au/stop/750099/gtfs/,https://bingo.uqcloud.net/img/750099.jpg,0,1000
890421,Bowen Rd at Viles Street,https://translink.com.au/stop/890421/gtfs/,https://bingo.uqcloud.net/img/890421.jpg,0,1000
890685,Macarthur Dr at Morestone Street,https://translink.com.au/stop/890685/gtfs/,https://bingo.uqcloud.net/img/890685.jpg,0,1000
890022,Bayswater Rd at Trevor Street,https://translink.com.au/stop/890022/gtfs/,https://bingo.uqcloud.net/img/890022.jpg,0,1000
750093,Old Smithfield Rd at Cassowary Street,https://translink.com.au/stop/750093/gtfs/,https://bingo.uqcloud.net/img/750093.jpg,0,1000
750101,Aeroglen Dr at Whitfield Street,https://translink.com.au/stop/750101/gtfs/,https://bingo.uqcloud.net/img/750101.jpg,0,1000
890572,Mount Low Parkway at Frendon Pde,https://translink.com.au/stop/890572/gtfs/,https://bingo.uqcloud.net/img/890572.jpg,0,1000
890258,Golf Links Dr at Sonata Place,https://translink.com.au/stop/890258/gtfs/,https://bingo.uqcloud.net/img/890258.jpg,0,1000
890601,Gouldian Ave at Lorikeet Street,https://translink.com.au/stop/890601/gtfs/,https://bingo.uqcloud.net/img/890601.jpg,0,1000
750728,Smithfield Shopping Centre,https://translink.com.au/stop/750728/gtfs/,https://bingo.uqcloud.net/img/750728.jpg,0,1000
890131,Morrell Street at Wackett St,https://translink.com.au/stop/890131/gtfs/,https://bingo.uqcloud.net/img/890131.jpg,0,1000
750483,Mercurio Street at Giffin Road,https://translink.com.au/stop/750483/gtfs/,https://bingo.uqcloud.net/img/750483.jpg,0,1000
890106,Mooney St at McDonald Street,https://translink.com.au/stop/890106/gtfs/,https://bingo.uqcloud.net/img/890106.jpg,0,1000
890359,Yolanda Dr at Cypress Drive,https://translink.com.au/stop/890359/gtfs/,https://bingo.uqcloud.net/img/890359.jpg,0,1000
890587,Geaney Lane at Hank Street,https://translink.com.au/stop/890587/gtfs/,https://bingo.uqcloud.net/img/890587.jpg,0,1000
890196,The Strand at Gregory Street,https://translink.com.au/stop/890196/gtfs/,https://bingo.uqcloud.net/img/890196.jpg,0,1000
890296,Bowen Rd at Viles Street,https://translink.com.au/stop/890296/gtfs/,https://bingo.uqcloud.net/img/890296.jpg,0,1000
890451,Ross River Rd at Forest Avenue,https://translink.com.au/stop/890451/gtfs/,https://bingo.uqcloud.net/img/890451.jpg,0,1000
890584,Geaney Lane at Meranti St,https://translink.com.au/stop/890584/gtfs/,https://bingo.uqcloud.net/img/890584.jpg,0,1000
750720,Farmer St at Barney Street,https://translink.com.au/stop/750720/gtfs/,https://bingo.uqcloud.net/img/750720.jpg,0,1000
890045,Warburton St at Central State School,https://translink.com.au/stop/890045/gtfs/,https://bingo.uqcloud.net/img/890045.jpg,0,1000
890478,Riverway Dr at Peter Street,https://translink.com.au/stop/890478/gtfs/,https://bingo.uqcloud.net/img/890478.jpg,0,1000
890052,Bundock St at Howitt Street,https://translink.com.au/stop/890052/gtfs/,https://bingo.uqcloud.net/img/890052.jpg,0,1000
750005,Endeavour Rd at Elford Street,https://translink.com.au/stop/750005/gtfs/,https://bingo.uqcloud.net/img/750005.jpg,0,1000
750067,Oleander St at Tamarind Street,https://translink.com.au/stop/750067/gtfs/,https://bingo.uqcloud.net/img/750067.jpg,0,1000
890088,Fulham Rd at Vincent State School,https://translink.com.au/stop/890088/gtfs/,https://bingo.uqcloud.net/img/890088.jpg,0,1000
890174,Riverside Bvd at White Beech Court,https://translink.com.au/stop/890174/gtfs/,https://bingo.uqcloud.net/img/890174.jpg,0,1000
750307,Mt Peter Rd at Graham Street,https://translink.com.au/stop/750307/gtfs/,https://bingo.uqcloud.net/img/750307.jpg,0,1000
750153,Kamerunga Road at Ryan Weare Park,https://translink.com.au/stop/750153/gtfs/,https://bingo.uqcloud.net/img/750153.jpg,0,1000
890268,Charles St at Ellimatta Avenue,https://translink.com.au/stop/890268/gtfs/,https://bingo.uqcloud.net/img/890268.jpg,0,1000
890688,Riverway Dr at Gouldian Avenue,https://translink.com.au/stop/890688/gtfs/,https://bingo.uqcloud.net/img/890688.jpg,0,1000
890019,Bayswater Rd at Duckworth Street,https://translink.com.au/stop/890019/gtfs/,https://bingo.uqcloud.net/img/890019.jpg,0,1000
890614,Ross River Rd at Killara Street,https://translink.com.au/stop/890614/gtfs/,https://bingo.uqcloud.net/img/890614.jpg,0,1000
890475,Riverway Dr at Yut Fay Avenue,https://translink.com.au/stop/890475/gtfs/,https://bingo.uqcloud.net/img/890475.jpg,0,1000
750136,Sheridan St at Grove Street,https://translink.com.au/stop/750136/gtfs/,https://bingo.uqcloud.net/img/750136.jpg,0,1000
750011,Clifton Rd at Capt Cook Highway,https://translink.com.au/stop/750011/gtfs/,https://bingo.uqcloud.net/img/750011.jpg,0,1000
750347,Reed Rd at Centaur Street,https://translink.com.au/stop/750347/gtfs/,https://bingo.uqcloud.net/img/750347.jpg,0,1000
890042,Bundock St at Howitt Street,https://translink.com.au/stop/890042/gtfs/,https://bingo.uqcloud.net/img/890042.jpg,0,1000
890126,Heatleys Pde at Soroptimist Park,https://translink.com.au/stop/890126/gtfs/,https://bingo.uqcloud.net/img/890126.jpg,0,1000
750181,McManus St at Park Street,https://translink.com.au/stop/750181/gtfs/,https://bingo.uqcloud.net/img/750181.jpg,0,1000
890233,Fulham Rd at Parson Street,https://translink.com.au/stop/890233/gtfs/,https://bingo.uqcloud.net/img/890233.jpg,0,1000
750527,Mestrez St near Long St hail 'n' ride,https://translink.com.au/stop/750527/gtfs/,https://bingo.uqcloud.net/img/750527.jpg,0,1000
750032,Gannet St at Coolangatta Close,https://translink.com.au/stop/750032/gtfs/,https://bingo.uqcloud.net/img/750032.jpg,0,1000
750425,Tiffany St at Alabama Street,https://translink.com.au/stop/750425/gtfs/,https://bingo.uqcloud.net/img/750425.jpg,0,1000
890039,Bundock St at Taylor Street,https://translink.com.au/stop/890039/gtfs/,https://bingo.uqcloud.net/img/890039.jpg,0,1000
890396,Burnda St at Belmont Park Avenue,https://translink.com.au/stop/890396/gtfs/,https://bingo.uqcloud.net/img/890396.jpg,0,1000
750640,Reservoir Road at Pease Street,https://translink.com.au/stop/750640/gtfs/,https://bingo.uqcloud.net/img/750640.jpg,0,1000
750107,Sheridan St at McKenzie Street,https://translink.com.au/stop/750107/gtfs/,https://bingo.uqcloud.net/img/750107.jpg,0,1000
890430,Queens Rd at Queens Road Rail Crossing,https://translink.com.au/stop/890430/gtfs/,https://bingo.uqcloud.net/img/890430.jpg,0,1000
750657,Raintrees Shopping Centre Stop A,https://translink.com.au/stop/750657/gtfs/,https://bingo.uqcloud.net/img/750657.jpg,0,1000
890251,Mill Dr at Mount View Park,https://translink.com.au/stop/890251/gtfs/,https://bingo.uqcloud.net/img/890251.jpg,0,1000
890190,Primrose St at Rose Street,https://translink.com.au/stop/890190/gtfs/,https://bingo.uqcloud.net/img/890190.jpg,0,1000
750344,Arlington Esp at Clifton Road (Clifton Beach),https://translink.com.au/stop/750344/gtfs/,https://bingo.uqcloud.net/img/750344.jpg,0,1000
890262,Bamford Lane at Brookhurst Avenue,https://translink.com.au/stop/890262/gtfs/,https://bingo.uqcloud.net/img/890262.jpg,0,1000
890554,Mount Low Parkway at Ellendale St,https://translink.com.au/stop/890554/gtfs/,https://bingo.uqcloud.net/img/890554.jpg,0,1000
890005,Fulham Rd at Heatley Park,https://translink.com.au/stop/890005/gtfs/,https://bingo.uqcloud.net/img/890005.jpg,0,1000
890439,Ross River Rd at Briarfield Street,https://translink.com.au/stop/890439/gtfs/,https://bingo.uqcloud.net/img/890439.jpg,0,1000
890891,Townsville City Stop A,https://translink.com.au/stop/890891/gtfs/,https://bingo.uqcloud.net/img/890891.jpg,0,1000
750354,Moresby St near Saidor Cl hail 'n' ride,https://translink.com.au/stop/750354/gtfs/,https://bingo.uqcloud.net/img/750354.jpg,0,1000
750649,Buchan St near Kenny St hail 'n' ride,https://translink.com.au/stop/750649/gtfs/,https://bingo.uqcloud.net/img/750649.jpg,0,1000
750300,Hambledon Drive at Sugarworld Gardens,https://translink.com.au/stop/750300/gtfs/,https://bingo.uqcloud.net/img/750300.jpg,0,1000
750302,Graham St at Mt Peter Rd,https://translink.com.au/stop/750302/gtfs/,https://bingo.uqcloud.net/img/750302.jpg,0,1000
890018,Bayswater Rd at Greg Jabs Drive,https://translink.com.au/stop/890018/gtfs/,https://bingo.uqcloud.net/img/890018.jpg,0,1000
750007,Endeavour Rd at Upolu Esplanade,https://translink.com.au/stop/750007/gtfs/,https://bingo.uqcloud.net/img/750007.jpg,0,1000
890195,The Strand at Strand Waterpark,https://translink.com.au/stop/890195/gtfs/,https://bingo.uqcloud.net/img/890195.jpg,0,1000
750231,Hoare St at Kiernan Street,https://translink.com.au/stop/750231/gtfs/,https://bingo.uqcloud.net/img/750231.jpg,0,1000
890242,Charles St at Western Lions Park,https://translink.com.au/stop/890242/gtfs/,https://bingo.uqcloud.net/img/890242.jpg,0,1000
750157,Cairns Western Arterial at Ramsey Drive,https://translink.com.au/stop/750157/gtfs/,https://bingo.uqcloud.net/img/750157.jpg,0,1000
890130,The Esplanade at Seaward Crescent,https://translink.com.au/stop/890130/gtfs/,https://bingo.uqcloud.net/img/890130.jpg,0,1000
750378,Piccones Shopping Village (Jensen St),https://translink.com.au/stop/750378/gtfs/,https://bingo.uqcloud.net/img/750378.jpg,0,1000
890578,Macquarie St at Darling Rd,https://translink.com.au/stop/890578/gtfs/,https://bingo.uqcloud.net/img/890578.jpg,0,1000
890362,Cypress Dr at Jonquil Crescent,https://translink.com.au/stop/890362/gtfs/,https://bingo.uqcloud.net/img/890362.jpg,0,1000
750002,Veivers Road at Talpa Close,https://translink.com.au/stop/750002/gtfs/,https://bingo.uqcloud.net/img/750002.jpg,0,1000
890264,Charles St at Saderra Court,https://translink.com.au/stop/890264/gtfs/,https://bingo.uqcloud.net/img/890264.jpg,0,1000
890465,South Vickers Rd at Thuringowa High,https://translink.com.au/stop/890465/gtfs/,https://bingo.uqcloud.net/img/890465.jpg,0,1000
890367,Hubert St at Boundary Street,https://translink.com.au/stop/890367/gtfs/,https://bingo.uqcloud.net/img/890367.jpg,0,1000
750305,Cattle St at Old Bruce Highway,https://translink.com.au/stop/750305/gtfs/,https://bingo.uqcloud.net/img/750305.jpg,0,1000
890682,Stuart Dr at Lowe Street,https://translink.com.au/stop/890682/gtfs/,https://bingo.uqcloud.net/img/890682.jpg,0,1000
890178,Riverside Bvd at Community Centre,https://translink.com.au/stop/890178/gtfs/,https://bingo.uqcloud.net/img/890178.jpg,0,1000
890643,Oonoonba Rd at Oonoonba State School,https://translink.com.au/stop/890643/gtfs/,https://bingo.uqcloud.net/img/890643.jpg,0,1000
890260,Bamford Lane at McBride Street,https://translink.com.au/stop/890260/gtfs/,https://bingo.uqcloud.net/img/890260.jpg,0,1000
890340,Charters Towers Rd at Boundary Street,https://translink.com.au/stop/890340/gtfs/,https://bingo.uqcloud.net/img/890340.jpg,0,1000
890606,Bamford Lane at Silky Oak Street,https://translink.com.au/stop/890606/gtfs/,https://bingo.uqcloud.net/img/890606.jpg,0,1000
890307,Southwood Rd at Pretoria Street,https://translink.com.au/stop/890307/gtfs/,https://bingo.uqcloud.net/img/890307.jpg,0,1000
890714,Village Drive at The Precinct,https://translink.com.au/stop/890714/gtfs/,https://bingo.uqcloud.net/img/890714.jpg,0,1000
890114,Lockheed St at Lockheed Street,https://translink.com.au/stop/890114/gtfs/,https://bingo.uqcloud.net/img/890114.jpg,0,1000
890003,Fulham Rd at Vincent Shopping Centre,https://translink.com.au/stop/890003/gtfs/,https://bingo.uqcloud.net/img/890003.jpg,0,1000
890079,Banfield Dr at Banora Court,https://translink.com.au/stop/890079/gtfs/,https://bingo.uqcloud.net/img/890079.jpg,0,1000
750103,Sheridan St at Rutherford Street,https://translink.com.au/stop/750103/gtfs/,https://bingo.uqcloud.net/img/750103.jpg,0,1000
750224,Aumuller St at Spence Street,https://translink.com.au/stop/750224/gtfs/,https://bingo.uqcloud.net/img/750224.jpg,0,1000
890388,Stuart Dr at Edison Street,https://translink.com.au/stop/890388/gtfs/,https://bingo.uqcloud.net/img/890388.jpg,0,1000
890622,Ross River Rd at The Cathedral School,https://translink.com.au/stop/890622/gtfs/,https://bingo.uqcloud.net/img/890622.jpg,0,1000
750288,Forest Gardens Bvd at Oakblue Drive,https://translink.com.au/stop/750288/gtfs/,https://bingo.uqcloud.net/img/750288.jpg,0,1000
890017,Bayswater Rd at Mather Street,https://translink.com.au/stop/890017/gtfs/,https://bingo.uqcloud.net/img/890017.jpg,0,1000
890387,Stuart Dr at Marconi Street,https://translink.com.au/stop/890387/gtfs/,https://bingo.uqcloud.net/img/890387.jpg,0,1000
890101,Angus Smith Dr at Tennant Street,https://translink.com.au/stop/890101/gtfs/,https://bingo.uqcloud.net/img/890101.jpg,0,1000
890457,Riverway Dr at Gregory Street,https://translink.com.au/stop/890457/gtfs/,https://bingo.uqcloud.net/img/890457.jpg,0,1000
750206,Anderson St at English Street,https://translink.com.au/stop/750206/gtfs/,https://bingo.uqcloud.net/img/750206.jpg,0,1000
890099,JCU - Student Union Mall,https://translink.com.au/stop/890099/gtfs/,https://bingo.uqcloud.net/img/890099.jpg,0,1000
750428,Progress Rd near Trinity Anglican School HnR,https://translink.com.au/stop/750428/gtfs/,https://bingo.uqcloud.net/img/750428.jpg,0,1000
890235,Nathan St at Raynor Street,https://translink.com.au/stop/890235/gtfs/,https://bingo.uqcloud.net/img/890235.jpg,0,1000
750068,Oleander St at Hickory St,https://translink.com.au/stop/750068/gtfs/,https://bingo.uqcloud.net/img/750068.jpg,0,1000
890689,Veales Road at Joanne Street,https://translink.com.au/stop/890689/gtfs/,https://bingo.uqcloud.net/img/890689.jpg,0,1000
890392,Mill Dr at Heatley State School,https://translink.com.au/stop/890392/gtfs/,https://bingo.uqcloud.net/img/890392.jpg,0,1000
890449,Ross River Rd at Alice Street,https://translink.com.au/stop/890449/gtfs/,https://bingo.uqcloud.net/img/890449.jpg,0,1000
750631,Draper St at Hartley St,https://translink.com.au/stop/750631/gtfs/,https://bingo.uqcloud.net/img/750631.jpg,0,1000
890103,Fulham Rd at Lonsdale Street,https://translink.com.au/stop/890103/gtfs/,https://bingo.uqcloud.net/img/890103.jpg,0,1000
750295,Robert Rd at Golden Grove Dr (Fretwell Park),https://translink.com.au/stop/750295/gtfs/,https://bingo.uqcloud.net/img/750295.jpg,0,1000
890315,Wright Street at Stuart Drive,https://translink.com.au/stop/890315/gtfs/,https://bingo.uqcloud.net/img/890315.jpg,0,1000
890085,Fulham Rd at Heatley Secondary College,https://translink.com.au/stop/890085/gtfs/,https://bingo.uqcloud.net/img/890085.jpg,0,1000
750436,Walker Rd at Isabella State School,https://translink.com.au/stop/750436/gtfs/,https://bingo.uqcloud.net/img/750436.jpg,0,1000
890435,Charters Towers Rd at Jameson Street,https://translink.com.au/stop/890435/gtfs/,https://bingo.uqcloud.net/img/890435.jpg,0,1000
890182,Thuringowa Drive at Ridley Road,https://translink.com.au/stop/890182/gtfs/,https://bingo.uqcloud.net/img/890182.jpg,0,1000
750075,Brinsmead Kamerunga Road at Skyrail Base Station,https://translink.com.au/stop/750075/gtfs/,https://bingo.uqcloud.net/img/750075.jpg,0,1000
750289,Forest Gardens Bvd at Archer Close,https://translink.com.au/stop/750289/gtfs/,https://bingo.uqcloud.net/img/750289.jpg,0,1000
890677,Mill Dr at Fulham Road,https://translink.com.au/stop/890677/gtfs/,https://bingo.uqcloud.net/img/890677.jpg,0,1000
890308,Southwood Rd at Mafeking Street,https://translink.com.au/stop/890308/gtfs/,https://bingo.uqcloud.net/img/890308.jpg,0,1000
890186,Hugh St at Garbutt Shopping Centre,https://translink.com.au/stop/890186/gtfs/,https://bingo.uqcloud.net/img/890186.jpg,0,1000
890057,Bundock St at William Street,https://translink.com.au/stop/890057/gtfs/,https://bingo.uqcloud.net/img/890057.jpg,0,1000
750371,Kamerunga Road at Savina Park,https://translink.com.au/stop/750371/gtfs/,https://bingo.uqcloud.net/img/750371.jpg,0,1000
890595,Gollogly Lane at Pinnacle Drive,https://translink.com.au/stop/890595/gtfs/,https://bingo.uqcloud.net/img/890595.jpg,0,1000
890403,Annandale Dr at Indigo Crescent,https://translink.com.au/stop/890403/gtfs/,https://bingo.uqcloud.net/img/890403.jpg,0,1000
890713,Village Drive at The Precinct,https://translink.com.au/stop/890713/gtfs/,https://bingo.uqcloud.net/img/890713.jpg,0,1000
750402,Farmer St near Maren St hail 'n' ride,https://translink.com.au/stop/750402/gtfs/,https://bingo.uqcloud.net/img/750402.jpg,0,1000
890075,Bayswater Rd at Mather Street,,https://bingo.uqcloud.net/img/890075.jpg,0,1000
750645,Windarra St at Jean Close,https://translink.com.au/stop/750645/gtfs/,https://bingo.uqcloud.net/img/750645.jpg,0,1000
890607,Bamford Lane at Ferntree Street,https://translink.com.au/stop/890607/gtfs/,https://bingo.uqcloud.net/img/890607.jpg,0,1000
750143,Sheridan St at Rutherford Street,https://translink.com.au/stop/750143/gtfs/,https://bingo.uqcloud.net/img/750143.jpg,0,1000
890657,North Shore Bvd at Main Street,https://translink.com.au/stop/890657/gtfs/,https://bingo.uqcloud.net/img/890657.jpg,0,1000
750265,Toogood Rd at Tamba Street,https://translink.com.au/stop/750265/gtfs/,https://bingo.uqcloud.net/img/750265.jpg,0,1000
890631,Charters Towers Rd at Bayswater Terrace,https://translink.com.au/stop/890631/gtfs/,https://bingo.uqcloud.net/img/890631.jpg,0,1000
890070,Bayswater Rd at Reardon Street,https://translink.com.au/stop/890070/gtfs/,https://bingo.uqcloud.net/img/890070.jpg,0,1000
750441,"Cairns City bus station, platform 2",https://translink.com.au/stop/750441/gtfs/,https://bingo.uqcloud.net/img/750441.jpg,0,1000
750236,Balaclava Rd at Yarrum St,https://translink.com.au/stop/750236/gtfs/,https://bingo.uqcloud.net/img/750236.jpg,0,1000
750090,Lavis Rd at Valley Street,https://translink.com.au/stop/750090/gtfs/,https://bingo.uqcloud.net/img/750090.jpg,0,1000
890093,Townsville University Hospital,https://translink.com.au/stop/890093/gtfs/,https://bingo.uqcloud.net/img/890093.jpg,0,1000
750203,Anderson St at Chaplain Avenue (Cemetery),https://translink.com.au/stop/750203/gtfs/,https://bingo.uqcloud.net/img/750203.jpg,0,1000
750054,Mt Milman Dr at Danbulan Street,https://translink.com.au/stop/750054/gtfs/,https://bingo.uqcloud.net/img/750054.jpg,0,1000
891052,JCU - Student Union Mall,https://translink.com.au/stop/891052/gtfs/,https://bingo.uqcloud.net/img/891052.jpg,0,1000
750091,Old Smithfield Rd at Le Grande St,https://translink.com.au/stop/750091/gtfs/,https://bingo.uqcloud.net/img/750091.jpg,0,1000
890107,Mooney St at Tippett Street,https://translink.com.au/stop/890107/gtfs/,https://bingo.uqcloud.net/img/890107.jpg,0,1000
890671,Edison St near Newton St hail 'n' ride,https://translink.com.au/stop/890671/gtfs/,https://bingo.uqcloud.net/img/890671.jpg,0,1000
890060,Percy St at Cutheringa Park,https://translink.com.au/stop/890060/gtfs/,https://bingo.uqcloud.net/img/890060.jpg,0,1000
890128,Cape Pallarenda Rd at Rowes Bay,https://translink.com.au/stop/890128/gtfs/,https://bingo.uqcloud.net/img/890128.jpg,0,1000
750401,Wiseman Rd near Canecutter Rd Park hail 'n' ride,https://translink.com.au/stop/750401/gtfs/,https://bingo.uqcloud.net/img/750401.jpg,0,1000
750333,Reservoir Rd at Enmore Street,https://translink.com.au/stop/750333/gtfs/,https://bingo.uqcloud.net/img/750333.jpg,0,1000
750209,Stockland Earlville,https://translink.com.au/stop/750209/gtfs/,https://bingo.uqcloud.net/img/750209.jpg,0,1000
750108,Sheridan St at McKenzie Street,https://translink.com.au/stop/750108/gtfs/,https://bingo.uqcloud.net/img/750108.jpg,0,1000
750244,Mulgrave Rd at Parramatta Park State School,https://translink.com.au/stop/750244/gtfs/,https://bingo.uqcloud.net/img/750244.jpg,0,1000
750243,Mulgrave Rd at Collinson St,https://translink.com.au/stop/750243/gtfs/,https://bingo.uqcloud.net/img/750243.jpg,0,1000
750031,Gannet St at Manly Close,https://translink.com.au/stop/750031/gtfs/,https://bingo.uqcloud.net/img/750031.jpg,0,1000
890136,Lonerganne St at Ramsay Street,https://translink.com.au/stop/890136/gtfs/,https://bingo.uqcloud.net/img/890136.jpg,0,1000
750283,Timberlea Dr at Dan Jones Street,https://translink.com.au/stop/750283/gtfs/,https://bingo.uqcloud.net/img/750283.jpg,0,1000
750394,Robert Rd near Templar Cr hail 'n' ride,https://translink.com.au/stop/750394/gtfs/,https://bingo.uqcloud.net/img/750394.jpg,0,1000
891054,"Townsville Shopping Centre, Elizabeth Street",https://translink.com.au/stop/891054/gtfs/,https://bingo.uqcloud.net/img/891054.jpg,0,1000
890735,Greenview Dr at Thorn St,https://translink.com.au/stop/890735/gtfs/,https://bingo.uqcloud.net/img/890735.jpg,0,1000
750214,Swallow St at Moody Street,https://translink.com.au/stop/750214/gtfs/,https://bingo.uqcloud.net/img/750214.jpg,0,1000
750257,Toogood Rd at Nephrite St,https://translink.com.au/stop/750257/gtfs/,https://bingo.uqcloud.net/img/750257.jpg,0,1000
750006,Endeavour Road at Haycock Street,https://translink.com.au/stop/750006/gtfs/,https://bingo.uqcloud.net/img/750006.jpg,0,1000
890437,Ross River Rd at China Street,https://translink.com.au/stop/890437/gtfs/,https://bingo.uqcloud.net/img/890437.jpg,0,1000
890659,Geaney Lane near Hank St hail 'n' ride,https://translink.com.au/stop/890659/gtfs/,https://bingo.uqcloud.net/img/890659.jpg,0,1000
750094,Kamerunga Rd at Old Smithfield Road,https://translink.com.au/stop/750094/gtfs/,https://bingo.uqcloud.net/img/750094.jpg,0,1000
890321,Annandale Dr at Boronia Drive,https://translink.com.au/stop/890321/gtfs/,https://bingo.uqcloud.net/img/890321.jpg,0,1000
890599,Jabiru Ave at Jabiru Park,https://translink.com.au/stop/890599/gtfs/,https://bingo.uqcloud.net/img/890599.jpg,0,1000
890259,Thuringowa Dr at Mill Drive,https://translink.com.au/stop/890259/gtfs/,https://bingo.uqcloud.net/img/890259.jpg,0,1000
750219,Newton Street at Cairns TAFE,https://translink.com.au/stop/750219/gtfs/,https://bingo.uqcloud.net/img/750219.jpg,0,1000
750328,Robert Rd at Golden Grove Drive,https://translink.com.au/stop/750328/gtfs/,https://bingo.uqcloud.net/img/750328.jpg,0,1000
750313,Cairns Rd at George Street,https://translink.com.au/stop/750313/gtfs/,https://bingo.uqcloud.net/img/750313.jpg,0,1000
890329,Yolanda Dr at Marabou Drive,https://translink.com.au/stop/890329/gtfs/,https://bingo.uqcloud.net/img/890329.jpg,0,1000
890009,Banfield Dr at Pankina Street,https://translink.com.au/stop/890009/gtfs/,https://bingo.uqcloud.net/img/890009.jpg,0,1000
750205,Anderson St at Hill St,https://translink.com.au/stop/750205/gtfs/,https://bingo.uqcloud.net/img/750205.jpg,0,1000
890567,Mount Low Parkway at North Shore Bvd,https://translink.com.au/stop/890567/gtfs/,https://bingo.uqcloud.net/img/890567.jpg,0,1000
750422,Toogood St at Panorama St,https://translink.com.au/stop/750422/gtfs/,https://bingo.uqcloud.net/img/750422.jpg,0,1000
890166,Riverside Bvd at Community Centre,https://translink.com.au/stop/890166/gtfs/,https://bingo.uqcloud.net/img/890166.jpg,0,1000
750049,Gavin St at Stanton Street,https://translink.com.au/stop/750049/gtfs/,https://bingo.uqcloud.net/img/750049.jpg,0,1000
890240,Charles St at Cordelia Avenue,https://translink.com.au/stop/890240/gtfs/,https://bingo.uqcloud.net/img/890240.jpg,0,1000
750167,Jensen St at Brooks St,https://translink.com.au/stop/750167/gtfs/,https://bingo.uqcloud.net/img/750167.jpg,0,1000
890225,Park St at Gladstone Street,https://translink.com.au/stop/890225/gtfs/,https://bingo.uqcloud.net/img/890225.jpg,0,1000
750069,Holloway Beach Rd at Moonah St,https://translink.com.au/stop/750069/gtfs/,https://bingo.uqcloud.net/img/750069.jpg,0,1000
890414,Boundary St at Twelfth Avenue,https://translink.com.au/stop/890414/gtfs/,https://bingo.uqcloud.net/img/890414.jpg,0,1000
750492,Veivers Rd near Williams Esp hail 'n' ride,https://translink.com.au/stop/750492/gtfs/,https://bingo.uqcloud.net/img/750492.jpg,0,1000
890142,Lockheed St at Meenan Street,https://translink.com.au/stop/890142/gtfs/,https://bingo.uqcloud.net/img/890142.jpg,0,1000
750027,Trinity Beach Rd at Rabaul Street,https://translink.com.au/stop/750027/gtfs/,https://bingo.uqcloud.net/img/750027.jpg,0,1000
890105,Mooney St at Sheffield Street,https://translink.com.au/stop/890105/gtfs/,https://bingo.uqcloud.net/img/890105.jpg,0,1000
890090,Ross River Rd at Anne Street,https://translink.com.au/stop/890090/gtfs/,https://bingo.uqcloud.net/img/890090.jpg,0,1000
890289,Queens Rd at Bicentennial Park,https://translink.com.au/stop/890289/gtfs/,https://bingo.uqcloud.net/img/890289.jpg,0,1000
750062,Varley St at Daisy Street,https://translink.com.au/stop/750062/gtfs/,https://bingo.uqcloud.net/img/750062.jpg,0,1000
890129,Cape Pallarenda Rd at Garden Settlement,https://translink.com.au/stop/890129/gtfs/,https://bingo.uqcloud.net/img/890129.jpg,0,1000
890625,Ross River Rd at Mundingburra State School,https://translink.com.au/stop/890625/gtfs/,https://bingo.uqcloud.net/img/890625.jpg,0,1000
890265,Charles St at Sabadell Street,https://translink.com.au/stop/890265/gtfs/,https://bingo.uqcloud.net/img/890265.jpg,0,1000
750377,Piccones Shopping Village (Jensen St),https://translink.com.au/stop/750377/gtfs/,https://bingo.uqcloud.net/img/750377.jpg,0,1000
890412,Putt St at Tenth Avenue,https://translink.com.au/stop/890412/gtfs/,https://bingo.uqcloud.net/img/890412.jpg,0,1000
890320,Annandale Dr at Indigo Crescent,https://translink.com.au/stop/890320/gtfs/,https://bingo.uqcloud.net/img/890320.jpg,0,1000
890277,Fulham Rd at TAFE College,https://translink.com.au/stop/890277/gtfs/,https://bingo.uqcloud.net/img/890277.jpg,0,1000
750501,Gavin St near Stanton Rd hail 'n' ride,https://translink.com.au/stop/750501/gtfs/,https://bingo.uqcloud.net/img/750501.jpg,0,1000
750020,Anderson St at Lae Street,https://translink.com.au/stop/750020/gtfs/,https://bingo.uqcloud.net/img/750020.jpg,0,1000
890352,Palmerston St at McDougall Street,https://translink.com.au/stop/890352/gtfs/,https://bingo.uqcloud.net/img/890352.jpg,0,1000
750467,Mestrez St at Long Street,https://translink.com.au/stop/750467/gtfs/,https://bingo.uqcloud.net/img/750467.jpg,0,1000
750109,Sheridan St at Charles St,https://translink.com.au/stop/750109/gtfs/,https://bingo.uqcloud.net/img/750109.jpg,0,1000
750077,Impey St at Lake Placid Road,https://translink.com.au/stop/750077/gtfs/,https://bingo.uqcloud.net/img/750077.jpg,0,1000
750386,Greenslopes St near MacNamara St hail 'n' ride,https://translink.com.au/stop/750386/gtfs/,https://bingo.uqcloud.net/img/750386.jpg,0,1000
750414,Dempsey St near Hooper Cl hail 'n' ride,https://translink.com.au/stop/750414/gtfs/,https://bingo.uqcloud.net/img/750414.jpg,0,1000
890149,Mooney St at Tyrrell Street,https://translink.com.au/stop/890149/gtfs/,https://bingo.uqcloud.net/img/890149.jpg,0,1000
890092,Townsville University Hospital,https://translink.com.au/stop/890092/gtfs/,https://bingo.uqcloud.net/img/890092.jpg,0,1000
890193,Flinders St near Denham Lane hail 'n' ride,,https://bingo.uqcloud.net/img/890193.jpg,0,1000
750266,Toogood Rd at Erang Street,https://translink.com.au/stop/750266/gtfs/,https://bingo.uqcloud.net/img/750266.jpg,0,1000
890004,Fulham Rd at St James Village,https://translink.com.au/stop/890004/gtfs/,https://bingo.uqcloud.net/img/890004.jpg,0,1000
890245,Charles St at Tapiolas Avenue,https://translink.com.au/stop/890245/gtfs/,https://bingo.uqcloud.net/img/890245.jpg,0,1000
750316,Fisher Rd at Creswell Close,https://translink.com.au/stop/750316/gtfs/,https://bingo.uqcloud.net/img/750316.jpg,0,1000
890410,Doorey St at Thirteenth Avenue,https://translink.com.au/stop/890410/gtfs/,https://bingo.uqcloud.net/img/890410.jpg,0,1000
890337,Bayswater Rd at St Margaret Mary's College,https://translink.com.au/stop/890337/gtfs/,https://bingo.uqcloud.net/img/890337.jpg,0,1000
890012,Banfield Dr at Banora Court,https://translink.com.au/stop/890012/gtfs/,https://bingo.uqcloud.net/img/890012.jpg,0,1000
890030,Kings Rd at Showgrounds,https://translink.com.au/stop/890030/gtfs/,https://bingo.uqcloud.net/img/890030.jpg,0,1000
890189,Primrose St at Marshall Street,https://translink.com.au/stop/890189/gtfs/,https://bingo.uqcloud.net/img/890189.jpg,0,1000
890239,Charles St at Lindeman Avenue,https://translink.com.au/stop/890239/gtfs/,https://bingo.uqcloud.net/img/890239.jpg,0,1000
750260,Anderson Rd at Windarra St (Coconut Village),https://translink.com.au/stop/750260/gtfs/,https://bingo.uqcloud.net/img/750260.jpg,0,1000
890444,Ross River Rd at Charlotte Street,https://translink.com.au/stop/890444/gtfs/,https://bingo.uqcloud.net/img/890444.jpg,0,1000
890069,Bayswater Rd at Hugh Street,https://translink.com.au/stop/890069/gtfs/,https://bingo.uqcloud.net/img/890069.jpg,0,1000
750242,Mulgrave Rd at Creedy Street,https://translink.com.au/stop/750242/gtfs/,https://bingo.uqcloud.net/img/750242.jpg,0,1000
750348,Reed Rd at Debbie Street,https://translink.com.au/stop/750348/gtfs/,https://bingo.uqcloud.net/img/750348.jpg,0,1000
890266,Charles St at Tapiolas Avenue,https://translink.com.au/stop/890266/gtfs/,https://bingo.uqcloud.net/img/890266.jpg,0,1000
890590,Riverway Dr at Bluewattle Boulevard,https://translink.com.au/stop/890590/gtfs/,https://bingo.uqcloud.net/img/890590.jpg,0,1000
750095,Kamerunga Rd at Passchendaele St,https://translink.com.au/stop/750095/gtfs/,https://bingo.uqcloud.net/img/750095.jpg,0,1000
750172,Woodward St at Pease Street,https://translink.com.au/stop/750172/gtfs/,https://bingo.uqcloud.net/img/750172.jpg,0,1000
890155,Angus Smith Dr at Tennant Street,https://translink.com.au/stop/890155/gtfs/,https://bingo.uqcloud.net/img/890155.jpg,0,1000
890132,Wackett Street at Shelley Street,https://translink.com.au/stop/890132/gtfs/,https://bingo.uqcloud.net/img/890132.jpg,0,1000
750160,McManus St at Hodel Street,https://translink.com.au/stop/750160/gtfs/,https://bingo.uqcloud.net/img/750160.jpg,0,1000
750174,Woodward St at Clemson Ave,https://translink.com.au/stop/750174/gtfs/,https://bingo.uqcloud.net/img/750174.jpg,0,1000
890021,Bayswater Rd at Quandong Street,https://translink.com.au/stop/890021/gtfs/,https://bingo.uqcloud.net/img/890021.jpg,0,1000
750146,Greenslopes Street at McCormack Street,https://translink.com.au/stop/750146/gtfs/,https://bingo.uqcloud.net/img/750146.jpg,0,1000
890144,Meenan St at Dearness Street,https://translink.com.au/stop/890144/gtfs/,https://bingo.uqcloud.net/img/890144.jpg,0,1000
750142,Sheridan St Cairns North,https://translink.com.au/stop/750142/gtfs/,https://bingo.uqcloud.net/img/750142.jpg,0,1000
750654,Fretwell Rd at Progress Road,https://translink.com.au/stop/750654/gtfs/,https://bingo.uqcloud.net/img/750654.jpg,0,1000
890173,Riverside Bvd at Rivergreen Circuit,https://translink.com.au/stop/890173/gtfs/,https://bingo.uqcloud.net/img/890173.jpg,0,1000
890627,Ross River Rd at Rising Sun Shopping Centre,https://translink.com.au/stop/890627/gtfs/,https://bingo.uqcloud.net/img/890627.jpg,0,1000
890640,Bayswater Rd at Mooney Street,https://translink.com.au/stop/890640/gtfs/,https://bingo.uqcloud.net/img/890640.jpg,0,1000
890236,Nathan St at Arunta Street,https://translink.com.au/stop/890236/gtfs/,https://bingo.uqcloud.net/img/890236.jpg,0,1000
890241,Charles St at Fitzroy Street,https://translink.com.au/stop/890241/gtfs/,https://bingo.uqcloud.net/img/890241.jpg,0,1000
750148,Aeroglen Dr at Palmerston Street,https://translink.com.au/stop/750148/gtfs/,https://bingo.uqcloud.net/img/750148.jpg,0,1000
750013,Cottesloe Dr at Daytona St (Kewarra Beach),https://translink.com.au/stop/750013/gtfs/,https://bingo.uqcloud.net/img/750013.jpg,0,1000
890058,Bundock St at Stagpole Street,https://translink.com.au/stop/890058/gtfs/,https://bingo.uqcloud.net/img/890058.jpg,0,1000
750053,Smithfield Shopping Centre (Cattana Rd),https://translink.com.au/stop/750053/gtfs/,https://bingo.uqcloud.net/img/750053.jpg,0,1000
750050,Stanton Rd at Survey Street,https://translink.com.au/stop/750050/gtfs/,https://bingo.uqcloud.net/img/750050.jpg,0,1000
750638,Captain Cook Highway at Clifton Road,https://translink.com.au/stop/750638/gtfs/,https://bingo.uqcloud.net/img/750638.jpg,0,1000
750248,Mulgrave Rd at Gregory Street,https://translink.com.au/stop/750248/gtfs/,https://bingo.uqcloud.net/img/750248.jpg,0,1000
890581,Jensen Rd at Geaney Lane,https://translink.com.au/stop/890581/gtfs/,https://bingo.uqcloud.net/img/890581.jpg,0,1000
890249,Bamford Lane at Brookhurst Avenue,https://translink.com.au/stop/890249/gtfs/,https://bingo.uqcloud.net/img/890249.jpg,0,1000
890402,Mill Drive at Joyce Street,https://translink.com.au/stop/890402/gtfs/,https://bingo.uqcloud.net/img/890402.jpg,0,1000
890914,Mount Low Pwy at Bushland Beach Plaza,https://translink.com.au/stop/890914/gtfs/,https://bingo.uqcloud.net/img/890914.jpg,0,1000
750262,Anderson Rd at Shannon Dr,https://translink.com.au/stop/750262/gtfs/,https://bingo.uqcloud.net/img/750262.jpg,0,1000
890623,Ross River Rd at Gulliver Street,https://translink.com.au/stop/890623/gtfs/,https://bingo.uqcloud.net/img/890623.jpg,0,1000
890291,Queens Rd at Halloran Street,https://translink.com.au/stop/890291/gtfs/,https://bingo.uqcloud.net/img/890291.jpg,0,1000
750261,Windarra St at Noela Close,https://translink.com.au/stop/750261/gtfs/,https://bingo.uqcloud.net/img/750261.jpg,0,1000
890313,Stuart Dr at Culgoa Street,https://translink.com.au/stop/890313/gtfs/,https://bingo.uqcloud.net/img/890313.jpg,0,1000
890436,Ross River Rd at Mabin Street,https://translink.com.au/stop/890436/gtfs/,https://bingo.uqcloud.net/img/890436.jpg,0,1000
890322,Cypress Dr at Annandale Drive,https://translink.com.au/stop/890322/gtfs/,https://bingo.uqcloud.net/img/890322.jpg,0,1000
750366,Lake Placid Road near Brinsmead Kamerunga Rd,https://translink.com.au/stop/750366/gtfs/,https://bingo.uqcloud.net/img/750366.jpg,0,1000
890675,Riverway Dr at Illuta Street,https://translink.com.au/stop/890675/gtfs/,https://bingo.uqcloud.net/img/890675.jpg,0,1000
750652,Kenny St near Owen Cl hail 'n' ride,https://translink.com.au/stop/750652/gtfs/,https://bingo.uqcloud.net/img/750652.jpg,0,1000
890244,Charles St at Lerida Street,https://translink.com.au/stop/890244/gtfs/,https://bingo.uqcloud.net/img/890244.jpg,0,1000
750017,Trinity Beach Rd at Periwinkle Avenue,https://translink.com.au/stop/750017/gtfs/,https://bingo.uqcloud.net/img/750017.jpg,0,1000
750003,Veivers Road at Capt Cook Highway,https://translink.com.au/stop/750003/gtfs/,https://bingo.uqcloud.net/img/750003.jpg,0,1000
890037,Bundock St at Old Common Road,https://translink.com.au/stop/890037/gtfs/,https://bingo.uqcloud.net/img/890037.jpg,0,1000
750363,Lydia St near Dennison St hail 'n' ride,https://translink.com.au/stop/750363/gtfs/,https://bingo.uqcloud.net/img/750363.jpg,0,1000
890336,Bayswater Rd at Sussex Street,https://translink.com.au/stop/890336/gtfs/,https://bingo.uqcloud.net/img/890336.jpg,0,1000
891065,Greater Ascot Ave at Central Park,https://translink.com.au/stop/891065/gtfs/,https://bingo.uqcloud.net/img/891065.jpg,0,1000
890560,Coutts Dr at Mostyn Crescent,https://translink.com.au/stop/890560/gtfs/,https://bingo.uqcloud.net/img/890560.jpg,0,1000
750315,Riverstone Rd at Swan Street,https://translink.com.au/stop/750315/gtfs/,https://bingo.uqcloud.net/img/750315.jpg,0,1000
890151,Fulham Rd at Lonsdale Street,https://translink.com.au/stop/890151/gtfs/,https://bingo.uqcloud.net/img/890151.jpg,0,1000
890424,Bowen Rd at Sweet Street,https://translink.com.au/stop/890424/gtfs/,https://bingo.uqcloud.net/img/890424.jpg,0,1000
890571,Mount Low Parkway at Equardo Road,https://translink.com.au/stop/890571/gtfs/,https://bingo.uqcloud.net/img/890571.jpg,0,1000
750528,Grevillea St near Pepperina St hail 'n' ride,https://translink.com.au/stop/750528/gtfs/,https://bingo.uqcloud.net/img/750528.jpg,0,1000
890629,Charters Towers Rd at Townsend Street,https://translink.com.au/stop/890629/gtfs/,https://bingo.uqcloud.net/img/890629.jpg,0,1000
750010,Clifton Road at Guide Street,https://translink.com.au/stop/750010/gtfs/,https://bingo.uqcloud.net/img/750010.jpg,0,1000
750353,Madang St near Rabaul St hail 'n' ride,https://translink.com.au/stop/750353/gtfs/,https://bingo.uqcloud.net/img/750353.jpg,0,1000
750025,Moresby St at Saidor Close,https://translink.com.au/stop/750025/gtfs/,https://bingo.uqcloud.net/img/750025.jpg,0,1000
890010,Banfield Dr at High Vista Drive,https://translink.com.au/stop/890010/gtfs/,https://bingo.uqcloud.net/img/890010.jpg,0,1000
750314,Norman St at Gordon Street (Gordonvale),https://translink.com.au/stop/750314/gtfs/,https://bingo.uqcloud.net/img/750314.jpg,0,1000
890301,Stuart Dr at Stuart Hotel,https://translink.com.au/stop/890301/gtfs/,https://bingo.uqcloud.net/img/890301.jpg,0,1000
890565,Marina Drive at Bunya St,https://translink.com.au/stop/890565/gtfs/,https://bingo.uqcloud.net/img/890565.jpg,0,1000
890897,Ninth Ave at Anzac Lane,https://translink.com.au/stop/890897/gtfs/,https://bingo.uqcloud.net/img/890897.jpg,0,1000
890215,Palmer Street at Dibbs St,https://translink.com.au/stop/890215/gtfs/,https://bingo.uqcloud.net/img/890215.jpg,0,1000
750704,McGregor Rd at Smithfield Village Dr,https://translink.com.au/stop/750704/gtfs/,https://bingo.uqcloud.net/img/750704.jpg,0,1000
890476,Riverway Dr at Hammond Way,https://translink.com.au/stop/890476/gtfs/,https://bingo.uqcloud.net/img/890476.jpg,0,1000
750294,Idalia Rd at Scotia Close,https://translink.com.au/stop/750294/gtfs/,https://bingo.uqcloud.net/img/750294.jpg,0,1000
750331,Des Chalmers Drive at Rigg Street,https://translink.com.au/stop/750331/gtfs/,https://bingo.uqcloud.net/img/750331.jpg,0,1000
750147,Greenslopes St at Centenary Lakes,https://translink.com.au/stop/750147/gtfs/,https://bingo.uqcloud.net/img/750147.jpg,0,1000
890171,Riverside Bvd at Freshwater Drive,https://translink.com.au/stop/890171/gtfs/,https://bingo.uqcloud.net/img/890171.jpg,0,1000
890314,Stuart Dr at Royal Street,https://translink.com.au/stop/890314/gtfs/,https://bingo.uqcloud.net/img/890314.jpg,0,1000
890255,Thuringowa Dr at Ridley Road,https://translink.com.au/stop/890255/gtfs/,https://bingo.uqcloud.net/img/890255.jpg,0,1000
750413,Fisher Rd near Creswell Cl hail 'n' ride,https://translink.com.au/stop/750413/gtfs/,https://bingo.uqcloud.net/img/750413.jpg,0,1000
750269,Progress Rd at Dillon Close (White Rock SS),https://translink.com.au/stop/750269/gtfs/,https://bingo.uqcloud.net/img/750269.jpg,0,1000
890446,Ross River Rd at Cranbrae Village,https://translink.com.au/stop/890446/gtfs/,https://bingo.uqcloud.net/img/890446.jpg,0,1000
890404,Macarthur Dr at Wave Hill Drive,https://translink.com.au/stop/890404/gtfs/,https://bingo.uqcloud.net/img/890404.jpg,0,1000
750229,Mann St at Vivian St,https://translink.com.au/stop/750229/gtfs/,https://bingo.uqcloud.net/img/750229.jpg,0,1000
750098,Kamerunga Rd at Stratford Parade,https://translink.com.au/stop/750098/gtfs/,https://bingo.uqcloud.net/img/750098.jpg,0,1000
890712,Dean Street at Palmer Street,https://translink.com.au/stop/890712/gtfs/,https://bingo.uqcloud.net/img/890712.jpg,0,1000
890243,Charles St at Ellimatta Avenue,https://translink.com.au/stop/890243/gtfs/,https://bingo.uqcloud.net/img/890243.jpg,0,1000
750397,Timberlea Rd near Walker Rd hail 'n' ride,https://translink.com.au/stop/750397/gtfs/,https://bingo.uqcloud.net/img/750397.jpg,0,1000
750087,Brinsmead Kamerunga Rd (Redlynch Railway Station),https://translink.com.au/stop/750087/gtfs/,https://bingo.uqcloud.net/img/750087.jpg,0,1000
890261,Bamford Lane at Birrahlee Crescent,https://translink.com.au/stop/890261/gtfs/,https://bingo.uqcloud.net/img/890261.jpg,0,1000
750275,Skull Rd at Kowinka St,https://translink.com.au/stop/750275/gtfs/,https://bingo.uqcloud.net/img/750275.jpg,0,1000
750384,Greenslopes St near Crathern Cl hail 'n' ride,https://translink.com.au/stop/750384/gtfs/,https://bingo.uqcloud.net/img/750384.jpg,0,1000
890384,Wright St at Haldane Street,https://translink.com.au/stop/890384/gtfs/,https://bingo.uqcloud.net/img/890384.jpg,0,1000
890250,Bamford Lane at McBride Street,https://translink.com.au/stop/890250/gtfs/,https://bingo.uqcloud.net/img/890250.jpg,0,1000
750330,Charlotte Cl at Service Road,https://translink.com.au/stop/750330/gtfs/,https://bingo.uqcloud.net/img/750330.jpg,0,1000
750141,Sheridan St at Lily St (Tobruk Pool),https://translink.com.au/stop/750141/gtfs/,https://bingo.uqcloud.net/img/750141.jpg,0,1000
890497,Riverway Dr at Allambie Lane,https://translink.com.au/stop/890497/gtfs/,https://bingo.uqcloud.net/img/890497.jpg,0,1000
750180,McManus St at Hodel St,https://translink.com.au/stop/750180/gtfs/,https://bingo.uqcloud.net/img/750180.jpg,0,1000
750190,Anderson St at Mayers Street,https://translink.com.au/stop/750190/gtfs/,https://bingo.uqcloud.net/img/750190.jpg,0,1000
890683,Lakeside Dr at Fairfield Central Shopping Centre,https://translink.com.au/stop/890683/gtfs/,https://bingo.uqcloud.net/img/890683.jpg,0,1000
750420,Windarra St near Tracey Cl hail 'n' ride,https://translink.com.au/stop/750420/gtfs/,https://bingo.uqcloud.net/img/750420.jpg,0,1000
750332,Mulgrave Rd at Toogood Rd,https://translink.com.au/stop/750332/gtfs/,https://bingo.uqcloud.net/img/750332.jpg,0,1000
750000,Cedar Rd at Coral Coast Drive (Palm Cove),https://translink.com.au/stop/750000/gtfs/,https://bingo.uqcloud.net/img/750000.jpg,0,1000
891053,Riverway Dr at Dunlop Street,https://translink.com.au/stop/891053/gtfs/,https://bingo.uqcloud.net/img/891053.jpg,0,1000
890102,Nathan St at Leopold Street,https://translink.com.au/stop/890102/gtfs/,https://bingo.uqcloud.net/img/890102.jpg,0,1000
890577,Macquarie St near Veales Rd,https://translink.com.au/stop/890577/gtfs/,https://bingo.uqcloud.net/img/890577.jpg,0,1000
890059,Bundock St at Harold Street,https://translink.com.au/stop/890059/gtfs/,https://bingo.uqcloud.net/img/890059.jpg,0,1000
890346,Flinders St at Townsville Railway Station,https://translink.com.au/stop/890346/gtfs/,https://bingo.uqcloud.net/img/890346.jpg,0,1000
750191,Anderson St at English Street,https://translink.com.au/stop/750191/gtfs/,https://bingo.uqcloud.net/img/750191.jpg,0,1000
750398,Walker Rd at Sugarworld,https://translink.com.au/stop/750398/gtfs/,https://bingo.uqcloud.net/img/750398.jpg,0,1000